row,unit_id,source,text,my_label,hard
1,cd6443b4c375ecfcb93ef926a9276f5b6dcb987074db251af46f2653040a06bf,reddit_assisted,"hey, thanks for replying, but i guess i didn't phrase my question well enough so here's what i was really looking for ""i wanna list all the photos that i added a custom description for, does anyone have an idea?""",no,
2,df0e64b4bc16ab09026f0cb12ff30a52cdebfd88c81185ad157194411ac0d874,help_community,I want to see hide people I want to see hide people,no,
3,135ebfc87c378e2ce74082b1ae28fd0cf88a9f558b619b863b1fa258cc68f257,help_community,My money debited two time … plzzz give my refund My money debited two times,no,
4,4e68c6e8bd396f48169f421fe4d32a11b3c92dd8e189f2fd22d2b4a4f0895cce,help_community,How to find a shared album Someone sent me Google photos - how do I find them,partial,
5,72712fd6b48981556c4e7c2f1c185f51f89b90e650d46e6e6cddd7af49be056c,help_community,Why was my Google lens moved? Can somebody please move my Google lens back to my main page since I use it on a regular basis?And why was it moved? I use this on a regular basis I don't want to have to click another button I want to be able to see it when I look at my pictures. Thank you!,no,
6,99ac86accc16902f9dfc592e337d11e6e0f35e95a7f78203ad8954dac80b75c2,reddit_assisted,My files' name are starting with either IMG_xxxx.jpg or MOV_xxxxx.mov. I just used the last underscore in the file name together with the rest of the name of the file.,no,
7,52bee283b0d93afeb7b5f0467f91b0536a38bc3cde11da726eed8b8f0b5e72e3,help_community,i have about 130 photos of my rabbit but only 6 appear So I went to search menu (website my other family members are also there and pebby (my rabbit) but when i click on it it only shows 6 photos out of 128 bunny photos. When i go to Google files all the 128 photos are shown there,partial,
8,461b3f2088f780134373af1d15c41648a95f9262331a4beeafe9f4a1ea1d931e,help_community,Accessing photos from Picasa 3 Airmor isn't getting all photos on my android phone. Doesn't pull Picasa 3 photo albums.,no,
9,07424998b468b05c21b86d0672346cc00a0d7f2e0ffeb57890231e739ef79b3c,reddit_assisted,"Go into photo settings, preferences, Gemini features in photos, and turn off the first option.",no,
10,921dd1718924912c36f09ab4f6ac8a1530514d5437ea1ea356e5c4bc0295d15c,help_community,"Still can't search on Google photos Hello, I recently purchased a new pixel 9 pro, but I found that I can't search for any terms in the photos app. No matter what I search, it always returns no results. I know that this was an issue roughly for or 5 months ago, but I also know that it is since been patched. I had this issue on my previous phone and my new one. I have tried clearing the app data and cache, reinstalling the entire app, and making sure that everything is updated. Does anybody else have this issue?",yes,
11,4a113fae07ff0027de24ad47335a12ea979a1f3a596bf5d6a216e021b925b98e,reddit_assisted,"Oh, and alternatively you can download an album at a time from the web. Not ideal, but the next best way.",no,
12,a445f800327c84b8dfb2244fa03215e463f7c12abe2814d267bd1ab39c4afc44,help_community,"Faces in photos not showing up in explore page I have many photos uploaded in g photos, there are many faces in those photos, but they dont show up in explore page. I noticed this when i wanted to search for all photos of a person. I started facing this from when I uploaded my photos from my google pixel XL(for unlimited storage). All the remaining photos (which were uploaded from my laptop (which counted towards my 15gb free storage) showed faces in explore page.",yes,
13,4d50df8cf43fb411db1124b838691ddc0c97ff4b5100980f08e8be58df450d19,reddit_assisted,"Question 🤔 I'm trying to lookup a screenshot I took in Twitter, but it doesn't seem to work in the search bar. It only seems to allow me to lookup specific names and items. Is there some sort of way I can fix this? # Comments Section",yes,
14,79e86c8aab1c2003888841c53cdc03d06eeaa51847dda96e5e6203566aa1209b,help_community,"ISSUE WITH PHOTO SEARCH Hi There, I am having problem regarding photo search. when I searched the letter on the photo, google photo doesn't show any related photos anymore. Can you please make sure google photo is reading all the text from each photos in the cloud so that we can find the correspond photo. Please resolve this issue as soon as possible.",yes,
15,74c4d633c666a6c36faa83c5a179e0a1c6791c974adb462f5a0e899b7c0b5206,help_community,"GOOGLE PHOTO SEARCH MALFUCTION HI TEAM, I'VE BEEN REACHING OUT TO YOU FOR THE SAME ISSUE OVER AND OVER. I AM HAVING A PROBLEM AGAIN WITH MY GOOGLE PHOTO SEARCH. THE GOOGLE PHOTO SEARCH CAN'T RECOGNIZE THE TEXT FROM THE PHOTO, EVEN THOUGH THE PHOTO HAS A CLEAR TEXT CAPTURED. I SEARCHED ' A71' IN THE SEARCH AND DOESN'T SHOW RECENT PHOTOS HAS THIS TEXT IN IT. THIS IS CAUSING SIGNIFICANT PROBLEM IN MY WORK AND I WANT TO REQUEST THE EXPLAINATION FROM YOU GUYS WHY THIS ERROR IS REPEATELY HAPPENING IN MY CLOUD SEARCH. PLEASE GET BACK TO ME WITH AN ANSWER AND I REQUEST TO FIX THIS PROBLEM AS SOON AS POSSIBLE.",yes,
16,5cc0172d1a4562a4620dd10751a44c2f111582e7d86841d6775298f3b9935292,help_community,Faces not showing all people Pls show,no,
17,b3ab8ba47758f25eb2213e1cbe5b4975a1bd1accaa5df7a5e6f22b363f0b0290,reddit_assisted,What is it called / do you have a link to it?,no,
18,2e67a08802ee01b9488af99650ec2818f5a465f37203754f70f4b937fbfec8fd,help_community,"How I can see my photos on this app as they are taken by time? It shows photos randomly, there is no way to see photos by time sorted. Apparently this app is showing, faces, places and a lot of other unwanted preferences (that are not precise) but this simple and necessary function is missing.",no,
19,59c53f317b9763a78ce1e51df378c215f923dea280426e47b918526a8ebbd077,help_community,Video history on Ring doorbell view is obstructed on the bottom when using full screen When viewing Ring doorbell camera history in full screen mode the bottom is obstructed.,no,
20,cfbeb1bc3a6122b3e00bf9263807d14960f8c6353096a72895367dc9821c54c3,help_community,Whatsapp photos 2022 my past photos,no,
21,d61bec3bdc61d0bd33b85539954341700fd414a1921e8cdeac02439eb9890302,help_community,Help! I can't get my photos from old phone I can't get my photos on my new phone from old phone. Old phones destroyed and last phone was stolen.,no,
22,4bbfe81538344a5bca4af901ee3040895bedc67384c55c13ff11617b7562812c,help_community,"My images are not coming up search, seems like 100K images haven’t synced in over a month My images aren’t syncing. Additional faces beyond tagged images aren’t being recognized. I deleted 100K images then reuploaded them over a month ago and search/ask Google is finding virtually nothing at least by name, face or keyword.",yes,
23,1979aecb0f9827bbb6c8af50dfd0d047d399aced8113abd4d46e27047be422be,help_community,photo storage I'm using two gmail Account.old gmail account storage was full to i share Google photos to my another account. I thought I'll transfer some photos to my another account. So share photos. Now i want to make space to my old account. But the problem is if i delete any photo from old account it is also deleting from another account. How can i save all my photo to new account and make space into old account? Please helo me.I Don't want to delete any of my photo. But i want to make space in my old gmail.Thank in advance,no,
24,a692b53b6907e644425d7b9c3eae7ce80c35e46e9c43336db946838ae2b2a514,help_community,,,
25,6176a53472cf9aec40fc9f676a360e7071f30b11d6961791a0b9213f4bbbac83,reddit_assisted,My point was if you uploaded them (and didn't delete them from your device) they are still there. Downloading them would just replace the device copies with a compressed version of the photo.,no,
26,f6511326b6fbf88ada4c7303d323ed39530ce6920371bcc6adad9b3cccfa41e7,reddit_assisted,"Pixel 6a here... Under utilities, I need to scroll all the way down to the very bottom of the page. I assume you've already tried that, but...",no,
27,1aac3810d3cf1a584659ad7c20f099010f953587e061497a83f0e7ee3f58eb4a,help_community,"Search for an image by text or name in the search bar it's not working properly For example, I searched for LOI but the LOI image was being searched 2 months ago and not for today's date.",partial,
28,8847a7099bad424dff0a8b2cbeb7acaef451591aea9f14cd3d3d2e8a656a81fc,reddit_assisted,And that was the plan all along.,no,
29,365ff97b97edbbf2062fe815b7b00976462d63bb1740f93c62e2002944ebeed9,help_community,"All my family face groupings disappeared in October I needed to get a pic of my wife for a gift today, and I went into my Photos app and tried to find the people and pets grouping, which I had for YEARS. And it is gone. Just no longer exists in the app. I can't believe it. Years of family photos and we had us all grouped together by face. I could easily find pictures of us or the kids doing stuff together, all gone. I went into settings and saw an option for Face grouping and it was off. No clue why this was disabled. I didn't disable it. So I turned it on. And now all it will do is group pictures of our dogs. It won't group pictures of us. I am at a total loss. Google Photos would also group together any pics with people in our immediate family and display them on our Google Home displays. It looks like this stopped happening in October. No new pics are getting added to the family album base on our faces being in them since then. Anyone else have this issue or know how to fix it??",yes,
30,713c3815bfd8e38d0f02fd641ebb02c5160159c726420a905236766804c2cb90,reddit_assisted,"win10/browser click in ""Search"" field when it opens new window look for ""Show more"" click then look for ""Motion photos"" i think ios is same as android so tap ""Search"" field then look down the list for ""show more"" look for ""Motion photos""",yes,
31,6be7a52dac91f7ab874fae617a3e51e15b06a3c2b2bf91ae38e400df3beb4224,help_community,browse via heat map removed? I used to able able to search/browse the photos by map view. Where i can see locations on a map where pictures were taken. This has gone missing.is this by design? or is there a setting that i am missing?very frustrating to have this useful feature removed.,yes,
32,ede1710815b0e03e6d91fa71b7590f3d5f04f400aace81c2456f8bd56145bba7,help_community,Face grouping not available in my region Apparently the ability to tag and group faces automatically is not enabled in all regions. Where can i find the supported regions list? I am in a european country but travel often,partial,
33,366d3c350698e9f469c3680bd7df5a33cd56d474b571caa709ce7a431aa4e136,reddit_assisted,"The last thing I want to do is defend them, but I would suggest trying it periodically over the course of a few weeks to see if/how it improves. I don't know if what to attribute any bad results or improvement to, as their functions are a black box, but I got notice of the search change/""improvement"" weeks ago. Initial results were as frustrating as some report here. But now, it's as good as ever. Hence my suggestion. I'll say this about the the change: there do seem to be more junk results after a correct one than maybe in the past (can't confirm; it's just a feeling) but at the same time, what do I care? I don't need to look past the ""right one,"" which admittedly was in the top 5.",no,
34,b13c695b08d7025937cfbed3002bc9ebde75107fe4e7f6b91517e80c127fbd61,help_community,"Smart location services no longer working Hello, in the early days of Google Photos, the app was able to make approximate location guesses based on the content of older (non geo tagged) photos. This was frankly a godsend for organizing older vacation photos. Now, these tags seem to have disappeared from my library, and I can no longer search old photos by location (Even searching “Peru” for Machupichu no longer works.)Can anyone offer assistance? Thank you.Dan",partial,
35,ab9a9e6ade1dc2ea274d42cd0f7582977796e4695d7c77887c7c4d9f523a2e06,help_community,Locate album from a photo I am having a hard time finding an album which has the photo I am looking at. Please help. More details - - Search for a face in the library- Open a photo- Check which album contains it <-- Unable to do it. Is there any way to locate the corresponding album?,yes,
36,7266dc9a8daac6c5e1b1a5070e6dca3153247f792035abdd91fb8f61ed2a49f6,help_community,i can’t see people group by their face why is it not working,no,
37,65f63caf2941b64bbed2dfb1ec54c88335221653a92efaa00f43b4d871f6663f,reddit_assisted,"• Edited 3y ago ""香港終端 PC Spec 收據"" without quotes, is the exact first line description of the image which I manually input (Multi line of some more simple English characters for my tagging purposes redacted). Like more than a year ago, I still can search it up by using the string ""spec"". Not now in 2023 ""香港"" means Hong Kong. Yes technically it starts with the name of a city ""Hong Kong"" ""香港終端"" is a computer tech company which sells pc hardware No matter which partial description I use e.g ""spec"", ""pc spec"", ""香港終端"" or the exact description, none of the result returns that image",yes,
38,ced3b15f8d217eaa251b0bb7c4ac3598caf1e028cb4370ce0a028d98d6692a0a,help_community,Where to find videos moved to private Videos from file manager moved to private videos where to find,no,
39,06074503376fd301a877d8163843796914fa5d15048a0be7b2dc86f48d87e5d0,hn,"Is there even a way to get iCloud or Google photos on the iPhone to only upload photos taken with the camera, to not spam one's photo account with chat garbage?I was trying to figure out a way, but got side tracked on the issue, then my phone got stolen and I lost a bunch of family/baby pictures (thanks Google/apple).",no,
40,bc173103d37099f221714bf53f43035b75f9545831d7503b182cad3c3638d2d4,reddit_assisted,"Any way to find photos NOT in albums? (https://www.reddit.com/r/googlephotos/comments/1urhq80/any_way_to_find_photos_not_in_albums/) Published: 2 months ago; I have 64.5G worth of photos in my Google Photos / Google One account. ... Is there a way to show the ones that aren't in an album so that I can categorize them appropriately? ... I always go back and tag photos I upload so I can search for them later if I don't put them in albums. [Thursday July 09 2026] [+0 votes] I have 64.5G worth of photos in my Google Photos / Google One account. I have no idea how many there actually are. Most are in albums, but there's still a lot that aren't. Is there a way to show the ones that aren't in an album so that I can categorize them appropriately? [Thursday July 09 2026] [+1 votes] Google Photos Toolkit https://github.com/xob0t/Google-Photos-Toolkit. Or in the Archive you can search for each album and then select and archive the contents leaving only non album items on the main view. [Thursday July 09 2026] [+1 votes] I always go back and tag photos I upload so I can search for them later if I don't put them in albums.",yes,
41,d559afe00ca2642a8801fbedf010b4d27e8b5470a34d4f1a912f1b6695f1ff66,help_community,"Partner Sharing Not Working Been trying to do some partner sharing but every time I send an invite, it says 'trouble sending invitations'. I had read on another thread that it's because my partner account doesn't have google one level of storage so I expanded that as well. Even then, it's not working.What can I do?",no,
42,f15e12146136cc3258dd6cd27cf32b4a0b27aad94ad968d63f0dd82efab3fb06,help_community,I can't see my place wise photos Plz help me to see all my place wise photo,partial,
43,5325099b7960c630d1557fc81eb0d600208d339de84e4128a39c84fb27d78d42,reddit_assisted,You can get a Western Digital 5tb external hard drive for about $150 plus tax. Then use Google takeout to get all your photos downloaded and move them over to the external drive as a full backup.,no,
44,5f57ee75e3572224720eaf8830d6b64f7c714f8b6f4c30226e0998142f96340b,help_community,I want to recover my deleted photos trash Hii team Google photos I want to recover my deleted photos trash as soon as possible Thank & regards,no,
45,1120904ee46af30bf8b0d350a9d829cbd938215f41f1091afb59ae986eaff117,help_community,Magic eraser is not working my phone. Solve this issue. Magic eraser is not working my phone. Solve this issue.,no,
46,2de288117a79c10f1a9b657d3924a2b831b664ec4747d1ba78c52e133f094d05,help_community,Can't Print photos in pictures on Android getting error Tried to print fails to print photos,no,
47,6d5f902e346e740df36d4d35c51710658e13e16b69255bff249ace684f89df6c,help_community,"I can’t look up specific photos by a description word, like dress. I’ve deleted the app, reset it, and redid my account settings. On my old phone I was able to look up photos by a word and it could identify it in the photo, but this no longer works on my phone. It works on everyone else’s phone who share a like account to mine, but not mine. It tells me that there are no photos found. I also can no longer find photos by date.",yes,
48,358a88ba0633adf4329b4ce21b45c506bfd623da738099fb034ad62d3b54ddfb,stackexchange,"Is there a way to see all of the Google Photos Creations? The Google Photos Creations used to be grouped under Auto Awesome. Since the re-branding, Auto Awesome doesn't exist anymore. Is there way to see these things without manually going through all of the photos or albums?",no,
49,8eaa5a7e6f6fa643a6be494c73411964a5a57f9157ad9c10c7a3fe5ef5daf1c9,help_community,I don't want to remove/delete some photos of some people but I don't want to see their faces section I don't want to remove or delete some photos of some people but I don't want to see their faces in the faces section because I hate these people. But at the same time these are some important photos so I can't delete them.how can I resolve this problem,no,
50,67cc696db48f192136dc685e9a063d16f65827bd055ca9a8dbb825635474b5ff,help_community,"One of my sons is not recognized, photos lumped into other son Google photos does not distinguish between my two youngest sons. I'm trying to get it to recognize my you gest son as separate so I can search for him. I have tried removing him from photos marked as my other son but it still is not recognizing him as a person.",no,
51,96c5d5c25b1a26056e6326c5054c82fb00ed7586bd23f5197b99caa18761cfe9,reddit_assisted,"Question 🤔 I'm getting a ""no results"" message. Even for basic searches like ""door"", my own name, etc. Anyone else having trouble with the app? Thanks. # Comments Section",yes,
52,97c4df8204bb79728a14d484b7ebc57d2b3478a314ac0abd7e3318b0e56b7e56,stackexchange,"How can I fix this issue associated with the Facebook app's folder location and Google Photos backups? I have an issue with a combination of the Facebook and Google Photos apps on my Pixel 4 XL. The folder Facebook stores the images you save from it is in the DCIM folder. Photos you take with your phone camera are also in the DCIM folder, in a Camera subfolder. Google lops all content within the DCIM folder into a virtual folder called Camera, completely ignoring the subfolder structure within DCIM. So whenever you have to navigate folder structures to select an image, both the images saved on Facebook and the ones taken with the camera are shown in the same location of the virtual Camera folder - the actual subfolders are hidden by the virtual folder. This is problematic because Google photos can't distinguish these subfolders either. The option to back up files with Google One can only be set on the virtual folder level. So, I can either back up my camera photos AND any Facebook images I've saved, or nothing. I save a lot of memes and they're cluttering up my Google photos. I want to stop backing up the Facebook images. As far as I can see it, any of the following would solve my problem Facebook saves to a different folder not within existing DCIM folder Facebook allows you to select which folder to save files in Android doesn't allow virtual folders to totally obscure physical folders, to where we could still specify not to back up the Facebook directory in Google Photos Google Photos offers some ability to control when backups occur (eg only when charging so I could move the files before they're backed up) Google Photos has the concept of a bidirectional sync to where local deletion/movement removes the backed up copies None of these appear to be offered. The one path I did go down myself was installing the app FolderSync which is supposed to be able to instantly move files from one folder (DCIM/Facebook) to another (just Facebook, with Photos backup disabled on that folder). It seems to move the files right as they're saved, but it does not seem to preempt Google Photos from indexing and backing up the files first so this doesn't work. It also breaks the media index and I have to restart my phone or use an app that manually triggers a media rescan (or else all the original files in the DCIM subfolder appear as error thumbnails during media selection, and the destination ones don't appear). There are a bunch of posts on reddit and Google support forums about this with no fix indicated. This has been bugging me for many reasons - wastes Google One storage, clutters it up so it's harder to find actual images I took (probably have 10x as many images saved from Facebook vs photos I took), didn't exist in earlier Android versions and would've been able to avoid it with control options that have since been removed, etc.",no,
53,147b610a7c4ca05c2e433e4609f9f9b2064b045b373c0994749c680d29aa6141,reddit_assisted,Tapping Ask twice still works for me.,no,
54,d8828a825424015a8b04e5af6ec2935764d88c5dd78ecd0965ceda5ff85a38a1,help_community,I want to get back my permanently delete data form recycle bin Hi goggle team I want to get back my permanently delete data form recycle bin,no,
55,dee76bf073a64670f08f2be41a8169de7d68f2eafa04cc29c148c1847e462734,help_community,"Search function for searching photos is useless If I try to search for a particular photo by keyword now, if that word doesn’t appear in any of the titles of my albums then it is useless, I just get a msg saying to “ try another search term”. Why is search by keyword no longer working? I first noticed it had got worse a few months ago and now it appears to not function at all.",yes,
56,7abb5ab74b680fe1f7d853f0643e19a5da02f1af400a783f669cd3135c0c3357,help_community,"After an update, searches only look for people, not things. It says something like ""no face detedted Today, I'm searching for a photo of a bee on a vibrant blue flower. Simple enough, right? Nope. It only searches for people. No face = no results! I've tried - using quotation marks ""bee on a vibrant blue flower"" - still no results. -- I didn't put these bee picts into a folder. - the categories - collections, on this device, downloads, etc have no search option!Please help. Thank you for your time and attention Terrie",yes,
57,d8a29c0969869cdcfc886af38d892b6b7813e9cb91d9080b5d1a06aa9683d57d,help_community,Document Video don't save why Document Video don't save why,no,
58,ace78d538174d549e1e902dbfd565e5179fde497e15b121c305b4a3c993f44fe,help_community,Right in english not telugu Right in english,no,
59,eee95f50ac7c06e77c8f3978f5fb28663585cc9a216731504260f18a89d69522,reddit_assisted,"I searched for ""green"" and got ""no results found"". I have SO MANY photos of trees, grass, rice paddies, mountains, even green water. How can google search AI not know how to find the colour green?",yes,
60,e481afd2d6c433c78896ca84509ae6246b50de88f3941b91b689544586f7a57f,stackexchange,"How do I get Gallery and Photos to ignore the images in a specified directory? When I open Gallery or Google Photos, there are dozens or hundreds of albums and photos that have been automatically pulled from my Music directory, where there are lots of JPEGs that are cover art for MP3 files. They make it so that it is very hard to find particular photos I've taken with my camera, and in any case it is useless to have them displayed there as I never want to browse music cover art in my Gallery. I can't find any option to exclude folders, though. How do I make it so the image files in my Music directory are not included in Gallery or Google Photos?",no,
